date,hex,rgb,caption,image
2025-08-22,#2DC769,45 199 105,Auto generated color,images/2025-08-22.png
2025-08-23,#D95A7F,217 90 127,Auto generated color,images/2025-08-23.png
2025-08-24,#8669DC,134 105 220,Auto generated color,images/2025-08-24.png
2025-08-25,#694790,105 71 144,Auto generated color,images/2025-08-25.png
2025-08-26,#595871,89 88 113,Auto generated color,images/2025-08-26.png
2025-08-27,#EAE9CB,234 233 203,Auto generated color,images/2025-08-27.png
2025-08-28,#D54739,213 71 57,Auto generated color,images/2025-08-28.png
2025-08-29,#569E33,86 158 51,Auto generated color,images/2025-08-29.png
2025-08-30,#86A34C,134 163 76,Auto generated color,images/2025-08-30.png
2025-08-31,#B1BD9C,177 189 156,Auto generated color,images/2025-08-31.png
2025-09-01,#7D9BB1,125 155 177,Auto generated color,images/2025-09-01.png
2025-09-02,#BD998E,189 153 142,Auto generated color,images/2025-09-02.png
2025-09-03,#A997DE,169 151 222,Auto generated color,images/2025-09-03.png
2025-09-04,#642924,100 41 36,Auto generated color,images/2025-09-04.png
2025-09-05,#8CF0EB,140 240 235,Auto generated color,images/2025-09-05.png
2025-09-06,#A0D9DA,160 217 218,Auto generated color,images/2025-09-06.png
2025-09-07,#5ACA4C,90 202 76,Auto generated color,images/2025-09-07.png
2025-09-08,#CF8D19,207 141 25,Auto generated color,images/2025-09-08.png
2025-09-09,#AF44EE,175 68 238,Auto generated color,images/2025-09-09.png
2025-09-10,#2E8F05,46 143 5,Auto generated color,images/2025-09-10.png
2025-09-11,#04159C,4 21 156,Auto generated color,images/2025-09-11.png
2025-09-12,#19D885,25 216 133,Auto generated color,images/2025-09-12.png
2025-09-13,#ACC9BD,172 201 189,Auto generated color,images/2025-09-13.png
2025-09-14,#F8FACC,248 250 204,Auto generated color,images/2025-09-14.png
2025-09-15,#3A6192,58 97 146,Auto generated color,images/2025-09-15.png
2025-09-16,#BB1549,187 21 73,Auto generated color,images/2025-09-16.png
2025-09-17,#8ACC97,138 204 151,Auto generated color,images/2025-09-17.png
2025-09-18,#480613,72 6 19,Auto generated color,images/2025-09-18.png
2025-09-19,#5E6E3E,94 110 62,Auto generated color,images/2025-09-19.png
2025-09-20,#2A146A,42 20 106,Auto generated color,images/2025-09-20.png
2025-09-21,#95A788,149 167 136,Auto generated color,images/2025-09-21.png
2025-09-22,#B04B04,176 75 4,Auto generated color,images/2025-09-22.png
2025-09-23,#F76182,247 97 130,Auto generated color,images/2025-09-23.png
2025-09-24,#E67364,230 115 100,Auto generated color,images/2025-09-24.png
2025-09-25,#F1A2F7,241 162 247,Auto generated color,images/2025-09-25.png
2025-09-26,#65C783,101 199 131,Auto generated color,images/2025-09-26.png
2025-09-27,#381CC8,56 28 200,Auto generated color,images/2025-09-27.png
2025-09-28,#0FE9E8,15 233 232,Auto generated color,images/2025-09-28.png
2025-09-29,#B8EE91,184 238 145,Auto generated color,images/2025-09-29.png
2025-09-30,#97733F,151 115 63,Auto generated color,images/2025-09-30.png
2025-10-01,#96EE91,150 238 145,Auto generated color,images/2025-10-01.png
2025-10-02,#166A13,22 106 19,Auto generated color,images/2025-10-02.png
2025-10-03,#8C286A,140 40 106,Auto generated color,images/2025-10-03.png
2025-10-04,#10BDC9,16 189 201,Auto generated color,images/2025-10-04.png
2025-10-05,#737AED,115 122 237,Auto generated color,images/2025-10-05.png
2025-10-06,#D4B5F1,212 181 241,Auto generated color,images/2025-10-06.png
2025-10-07,#514CB9,81 76 185,Auto generated color,images/2025-10-07.png
2025-10-08,#62BA44,98 186 68,Auto generated color,images/2025-10-08.png
2025-10-09,#1E9CE9,30 156 233,Auto generated color,images/2025-10-09.png
2025-10-10,#59CA02,89 202 2,Auto generated color,images/2025-10-10.png
2025-10-11,#7538AF,117 56 175,Auto generated color,images/2025-10-11.png
2025-10-12,#9DA612,157 166 18,Auto generated color,images/2025-10-12.png
2025-10-13,#4115FF,65 21 255,Auto generated color,images/2025-10-13.png
2025-10-14,#66A70C,102 167 12,Auto generated color,images/2025-10-14.png
2025-10-15,#987892,152 120 146,Auto generated color,images/2025-10-15.png
2025-10-16,#ACC2F0,172 194 240,Auto generated color,images/2025-10-16.png
2025-10-17,#1B35EA,27 53 234,Auto generated color,images/2025-10-17.png
2025-10-18,#A6B6DF,166 182 223,Auto generated color,images/2025-10-18.png
2025-10-19,#6E1191,110 17 145,Auto generated color,images/2025-10-19.png
2025-10-20,#CEDC6B,206 220 107,Auto generated color,images/2025-10-20.png
2025-10-21,#F35936,243 89 54,Auto generated color,images/2025-10-21.png
2025-10-22,#8C2DAD,140 45 173,Auto generated color,images/2025-10-22.png
2025-10-23,#324A61,50 74 97,Auto generated color,images/2025-10-23.png
2025-10-24,#2A9FB0,42 159 176,Auto generated color,images/2025-10-24.png
2025-10-25,#012757,1 39 87,Auto generated color,images/2025-10-25.png
2025-10-26,#4F1F5F,79 31 95,Auto generated color,images/2025-10-26.png
2025-10-27,#01BEEB,1 190 235,Auto generated color,images/2025-10-27.png
2025-10-28,#F92E01,249 46 1,Auto generated color,images/2025-10-28.png
2025-10-29,#89F896,137 248 150,Auto generated color,images/2025-10-29.png
2025-10-30,#CC9F54,204 159 84,Auto generated color,images/2025-10-30.png
2025-10-31,#F6D712,246 215 18,Auto generated color,images/2025-10-31.png
2025-11-01,#6498E1,100 152 225,Auto generated color,images/2025-11-01.png
2025-11-02,#751999,117 25 153,Auto generated color,images/2025-11-02.png
2025-11-03,#E310AD,227 16 173,Auto generated color,images/2025-11-03.png
2025-11-04,#40760B,64 118 11,Auto generated color,images/2025-11-04.png
2025-11-05,#4E2F85,78 47 133,Auto generated color,images/2025-11-05.png
2025-11-06,#46291E,70 41 30,Auto generated color,images/2025-11-06.png
2025-11-07,#F6D7BD,246 215 189,Auto generated color,images/2025-11-07.png
2025-11-08,#AC2C0F,172 44 15,Auto generated color,images/2025-11-08.png
2025-11-09,#CE0FAD,206 15 173,Auto generated color,images/2025-11-09.png
2025-11-10,#9AFED4,154 254 212,Auto generated color,images/2025-11-10.png
2025-11-11,#7A2B3A,122 43 58,Auto generated color,images/2025-11-11.png
2025-11-12,#377464,55 116 100,Auto generated color,images/2025-11-12.png
2025-11-13,#5784ED,87 132 237,Auto generated color,images/2025-11-13.png
2025-11-14,#E9A575,233 165 117,Auto generated color,images/2025-11-14.png
2025-11-15,#EA544F,234 84 79,Auto generated color,images/2025-11-15.png
2025-11-16,#5C8688,92 134 136,Auto generated color,images/2025-11-16.png
2025-11-17,#5F9442,95 148 66,Auto generated color,images/2025-11-17.png
2025-11-18,#F09D9C,240 157 156,Auto generated color,images/2025-11-18.png
2025-11-19,#CED670,206 214 112,Auto generated color,images/2025-11-19.png
2025-11-20,#62481E,98 72 30,Auto generated color,images/2025-11-20.png
2025-11-21,#782471,120 36 113,Auto generated color,images/2025-11-21.png
2025-11-22,#BE15B6,190 21 182,Auto generated color,images/2025-11-22.png
2025-11-23,#2B16A5,43 22 165,Auto generated color,images/2025-11-23.png
2025-11-24,#4DF3AC,77 243 172,Auto generated color,images/2025-11-24.png
2025-11-25,#59E7A7,89 231 167,Auto generated color,images/2025-11-25.png
2025-11-26,#69BB0C,105 187 12,Auto generated color,images/2025-11-26.png
2025-11-27,#AFE343,175 227 67,Auto generated color,images/2025-11-27.png
2025-11-28,#C0944F,192 148 79,Auto generated color,images/2025-11-28.png
2025-11-29,#6F66B6,111 102 182,Auto generated color,images/2025-11-29.png
2025-11-30,#CEA6AA,206 166 170,Auto generated color,images/2025-11-30.png
2025-12-01,#F44D58,244 77 88,Auto generated color,images/2025-12-01.png
2025-12-02,#DCF60D,220 246 13,Auto generated color,images/2025-12-02.png
2025-12-03,#268E55,38 142 85,Auto generated color,images/2025-12-03.png
2025-12-04,#1AB1F3,26 177 243,Auto generated color,images/2025-12-04.png
2025-12-05,#1DCB5C,29 203 92,Auto generated color,images/2025-12-05.png
2025-12-06,#C953B2,201 83 178,Auto generated color,images/2025-12-06.png
2025-12-07,#815A13,129 90 19,Auto generated color,images/2025-12-07.png
2025-12-08,#9E431E,158 67 30,Auto generated color,images/2025-12-08.png
2025-12-09,#1F389C,31 56 156,Auto generated color,images/2025-12-09.png
2025-12-10,#A71A1E,167 26 30,Auto generated color,images/2025-12-10.png
2025-12-11,#6073C9,96 115 201,Auto generated color,images/2025-12-11.png
2025-12-12,#FC390D,252 57 13,Auto generated color,images/2025-12-12.png
2025-12-13,#ACA19D,172 161 157,Auto generated color,images/2025-12-13.png
2025-12-14,#DF9758,223 151 88,Auto generated color,images/2025-12-14.png
2025-12-15,#5FE03D,95 224 61,Auto generated color,images/2025-12-15.png
2025-12-16,#017668,1 118 104,Auto generated color,images/2025-12-16.png
2025-12-17,#C60F49,198 15 73,Auto generated color,images/2025-12-17.png
2025-12-18,#FC0ED4,252 14 212,Auto generated color,images/2025-12-18.png
2025-12-19,#275672,39 86 114,Auto generated color,images/2025-12-19.png
2025-12-20,#80A20F,128 162 15,Auto generated color,images/2025-12-20.png
2025-12-21,#72C535,114 197 53,Auto generated color,images/2025-12-21.png
2025-12-22,#862EE7,134 46 231,Auto generated color,images/2025-12-22.png
2025-12-23,#EE4B53,238 75 83,Auto generated color,images/2025-12-23.png
2025-12-24,#8FC4F7,143 196 247,Auto generated color,images/2025-12-24.png
2025-12-25,#01CDA3,1 205 163,Auto generated color,images/2025-12-25.png
2025-12-26,#69CECE,105 206 206,Auto generated color,images/2025-12-26.png
2025-12-27,#013866,1 56 102,Auto generated color,images/2025-12-27.png
2025-12-28,#F1C208,241 194 8,Auto generated color,images/2025-12-28.png
2025-12-29,#067FFF,6 127 255,Auto generated color,images/2025-12-29.png
2025-12-30,#C2F9BD,194 249 189,Auto generated color,images/2025-12-30.png
2025-12-31,#5A6FD2,90 111 210,Auto generated color,images/2025-12-31.png
2026-01-01,#E41662,228 22 98,Auto generated color,images/2026-01-01.png
2026-01-02,#87B012,135 176 18,Auto generated color,images/2026-01-02.png
2026-01-03,#222B45,34 43 69,Auto generated color,images/2026-01-03.png
2026-01-04,#842759,132 39 89,Auto generated color,images/2026-01-04.png
2026-01-05,#694959,105 73 89,Auto generated color,images/2026-01-05.png
2026-01-06,#9F5864,159 88 100,Auto generated color,images/2026-01-06.png
2026-01-07,#00FB4B,0 251 75,Auto generated color,images/2026-01-07.png
2026-01-08,#339C3A,51 156 58,Auto generated color,images/2026-01-08.png
2026-01-09,#3D5E9A,61 94 154,Auto generated color,images/2026-01-09.png
2026-01-10,#4E97C4,78 151 196,Auto generated color,images/2026-01-10.png
2026-01-11,#574C52,87 76 82,Auto generated color,images/2026-01-11.png
2026-01-12,#BD16AE,189 22 174,Auto generated color,images/2026-01-12.png
2026-01-13,#0CB019,12 176 25,Auto generated color,images/2026-01-13.png
2026-01-14,#4423A9,68 35 169,Auto generated color,images/2026-01-14.png
2026-01-15,#24870C,36 135 12,Auto generated color,images/2026-01-15.png
2026-01-16,#1E4729,30 71 41,Auto generated color,images/2026-01-16.png
2026-01-17,#CD7BC9,205 123 201,Auto generated color,images/2026-01-17.png
2026-01-18,#155EA5,21 94 165,Auto generated color,images/2026-01-18.png
2026-01-19,#1E7D73,30 125 115,Auto generated color,images/2026-01-19.png
2026-01-20,#56E345,86 227 69,Auto generated color,images/2026-01-20.png
2026-01-21,#EDA211,237 162 17,Auto generated color,images/2026-01-21.png
2026-01-22,#2533D0,37 51 208,Auto generated color,images/2026-01-22.png
2026-01-23,#E94A2D,233 74 45,Auto generated color,images/2026-01-23.png
2026-01-24,#03660F,3 102 15,Auto generated color,images/2026-01-24.png
2026-01-25,#DE9936,222 153 54,Auto generated color,images/2026-01-25.png
